source,code_review,blueprint_review,wide_screenshot,phone_screenshot,accessibility,findings
lib/src/screens/account/account_screen.dart,pending,pending,pending,pending,pending,
lib/src/screens/dashboard/calendar_approval_screen.dart,pending,pending,pending,pending,pending,
lib/src/screens/dashboard/dashboard_add_actions_screen.dart,pending,pending,pending,pending,pending,
lib/src/screens/dashboard/dashboard_attention_screen.dart,pending,pending,pending,pending,pending,
lib/src/screens/dashboard/dashboard_day_screen.dart,pending,pending,pending,pending,pending,
lib/src/screens/dashboard/dashboard_day_settings_screen.dart,pending,pending,pending,pending,pending,
lib/src/screens/dashboard/dashboard_notifications_screen.dart,pending,pending,pending,pending,pending,
lib/src/screens/dashboard/dashboard_screen.dart,pending,pending,pending,pending,pending,
lib/src/screens/dashboard/dashboard_settings_screen.dart,pending,pending,pending,pending,pending,
lib/src/screens/dashboard/day_entry_details_screen.dart,pending,pending,pending,pending,pending,
lib/src/screens/dashboard/saved_day_note_details_screen.dart,pending,pending,pending,pending,pending,
lib/src/screens/dashboard/saved_workday_event_details_screen.dart,pending,pending,pending,pending,pending,
lib/src/screens/dashboard/start_workday_screen.dart,pending,pending,pending,pending,pending,
lib/src/screens/dashboard/stored_day_entry_details_screen.dart,pending,pending,pending,pending,pending,
lib/src/screens/dashboard/workday_actions_screen.dart,pending,pending,pending,pending,pending,
lib/src/screens/expenses/expense_attention_screen.dart,pending,pending,pending,pending,pending,
lib/src/screens/expenses/expense_category_screen.dart,pending,pending,pending,pending,pending,
lib/src/screens/expenses/expense_detail_screen.dart,pending,pending,pending,pending,pending,
lib/src/screens/expenses/expense_editor_screen.dart,pending,pending,pending,pending,pending,
lib/src/screens/expenses/expense_entry_choice_screen.dart,pending,pending,pending,pending,pending,
lib/src/screens/expenses/expense_period_screen.dart,pending,pending,pending,pending,pending,
lib/src/screens/expenses/expense_recap_screen.dart,pending,pending,pending,pending,pending,
lib/src/screens/expenses/expense_receipt_drafts_screen.dart,pending,pending,pending,pending,pending,
lib/src/screens/expenses/expense_receipt_evidence_screen.dart,pending,pending,pending,pending,pending,
lib/src/screens/expenses/expense_welcome_screen.dart,pending,pending,pending,pending,pending,
lib/src/screens/expenses/expenses_day_screen.dart,pending,pending,pending,pending,pending,
lib/src/screens/expenses/expenses_screen.dart,pending,pending,pending,pending,pending,
lib/src/screens/expenses/expenses_settings_screen.dart,pending,pending,pending,pending,pending,
lib/src/screens/expenses/receipt_category_picker_screen.dart,pending,pending,pending,pending,pending,
lib/src/screens/expenses/receipt_evidence_review_screen.dart,pending,pending,pending,pending,pending,
lib/src/screens/expenses/receipt_intake_screen.dart,pending,pending,pending,pending,pending,
lib/src/screens/expenses/receipt_intake_settings_screen.dart,pending,pending,pending,pending,pending,
lib/src/screens/expenses/receipt_text_entry_screen.dart,pending,pending,pending,pending,pending,
lib/src/screens/expenses/removed_expenses_screen.dart,pending,pending,pending,pending,pending,
lib/src/screens/expenses/report_sources_screen.dart,pending,pending,pending,pending,pending,
lib/src/screens/expenses/reports_screen.dart,pending,pending,pending,pending,pending,
lib/src/screens/expenses/reports_settings_screen.dart,pending,pending,pending,pending,pending,
lib/src/screens/expenses/scheduled_expense_detail_screen.dart,pending,pending,pending,pending,pending,
lib/src/screens/expenses/scheduled_expense_editor_screen.dart,pending,pending,pending,pending,pending,
lib/src/screens/expenses/scheduled_expense_occurrence_editor_screen.dart,pending,pending,pending,pending,pending,
lib/src/screens/expenses/scheduled_expenses_screen.dart,pending,pending,pending,pending,pending,
lib/src/screens/inventory/catalog/inventory_catalog_item_screen.dart,pending,pending,pending,pending,pending,
lib/src/screens/inventory/catalog/inventory_catalog_screen.dart,pending,pending,pending,pending,pending,
lib/src/screens/inventory/inventory_action_screen.dart,pending,pending,pending,pending,pending,
lib/src/screens/inventory/inventory_attention_screen.dart,pending,pending,pending,pending,pending,
lib/src/screens/inventory/inventory_day_screen.dart,pending,pending,pending,pending,pending,
lib/src/screens/inventory/inventory_item_entry_screen.dart,pending,pending,pending,pending,pending,
lib/src/screens/inventory/inventory_screen.dart,pending,pending,pending,pending,pending,
lib/src/screens/inventory/inventory_settings_screen.dart,pending,pending,pending,pending,pending,
lib/src/screens/inventory/material_cost_editor_screen.dart,pending,pending,pending,pending,pending,
lib/src/screens/inventory/material_detail_screen.dart,pending,pending,pending,pending,pending,
lib/src/screens/inventory/stock_count_screen.dart,pending,pending,pending,pending,pending,
lib/src/screens/inventory/stock_selection_screen.dart,pending,pending,pending,pending,pending,
lib/src/screens/modules/module_home_screen.dart,pending,pending,pending,pending,pending,
lib/src/screens/work/company_profile_screen.dart,pending,pending,pending,pending,pending,
lib/src/screens/work/customer_detail_screen.dart,pending,pending,pending,pending,pending,
lib/src/screens/work/customer_edit_screen.dart,pending,pending,pending,pending,pending,
lib/src/screens/work/customer_portal_screen.dart,pending,pending,pending,pending,pending,
lib/src/screens/work/document_template_screen.dart,pending,pending,pending,pending,pending,
lib/src/screens/work/documents/customer_pdf_screen.dart,pending,pending,pending,pending,pending,
lib/src/screens/work/estimate_actions_screen.dart,pending,pending,pending,pending,pending,
lib/src/screens/work/estimate_delivery_screen.dart,pending,pending,pending,pending,pending,
lib/src/screens/work/estimate_detail_screen.dart,pending,pending,pending,pending,pending,
lib/src/screens/work/estimate_editor_screen.dart,pending,pending,pending,pending,pending,
lib/src/screens/work/estimate_items_screen.dart,pending,pending,pending,pending,pending,
lib/src/screens/work/estimate_signature_screen.dart,pending,pending,pending,pending,pending,
lib/src/screens/work/estimate_site_photos_screen.dart,pending,pending,pending,pending,pending,
lib/src/screens/work/estimate_workspace_screen.dart,pending,pending,pending,pending,pending,
lib/src/screens/work/invoice_actions_screen.dart,pending,pending,pending,pending,pending,
lib/src/screens/work/invoice_detail_screen.dart,pending,pending,pending,pending,pending,
lib/src/screens/work/invoice_editor_screen.dart,pending,pending,pending,pending,pending,
lib/src/screens/work/invoice_payment_entry_screen.dart,pending,pending,pending,pending,pending,
lib/src/screens/work/invoice_payment_picker_screen.dart,pending,pending,pending,pending,pending,
lib/src/screens/work/invoice_workspace_screen.dart,pending,pending,pending,pending,pending,
lib/src/screens/work/job_actions_screen.dart,pending,pending,pending,pending,pending,
lib/src/screens/work/job_day_screen.dart,pending,pending,pending,pending,pending,
lib/src/screens/work/job_list_workspace_screen.dart,pending,pending,pending,pending,pending,
lib/src/screens/work/job_workspace_screen.dart,pending,pending,pending,pending,pending,
lib/src/screens/work/payments_screen.dart,pending,pending,pending,pending,pending,
lib/src/screens/work/saved_clients_screen.dart,pending,pending,pending,pending,pending,
lib/src/screens/work/work_actions_screen.dart,pending,pending,pending,pending,pending,
lib/src/screens/work/work_activity_screen.dart,pending,pending,pending,pending,pending,
lib/src/screens/work/work_attention_list_screen.dart,pending,pending,pending,pending,pending,
lib/src/screens/work/work_day_screen.dart,pending,pending,pending,pending,pending,
lib/src/screens/work/work_document_day_screen.dart,pending,pending,pending,pending,pending,
lib/src/screens/work/work_document_preview_screen.dart,pending,pending,pending,pending,pending,
lib/src/screens/work/work_drafts_screen.dart,pending,pending,pending,pending,pending,
lib/src/screens/work/work_record_settings_screen.dart,pending,pending,pending,pending,pending,
lib/src/screens/work/work_schedule_screen.dart,pending,pending,pending,pending,pending,
lib/src/screens/work/work_screen.dart,pending,pending,pending,pending,pending,
lib/src/screens/work/work_settings_screen.dart,pending,pending,pending,pending,pending,
